"time","electro_Mechanical_Model.omega","electro_Mechanical_Model.theta","thermal_model.MainBody.T","thermal_model.Panel1.T","thermal_model.Radiator1.T","electro_Mechanical_Model.resistor.i"
0,0,-1.2566370614359172,298.15,298.15,298.15,0
1.8312716148456896e-7,9.141068790718834e-7,-1.2566370611845896,298.14999778833567,298.1501890595987,298.1499753860411,0.15306805393666043
1.8312716148456896e-7,9.141068790718834e-7,-1.2566370611845896,298.14999778833567,298.1501890595987,298.1499753860411,0.15306805393666043
0.1,7.437560303692243e-4,-0.9844782109060279,297.86877879119,324.70651857096834,295.5079619919226,-8.163964491614936e-7
0.2,7.325903927915845e-4,-0.7182792507500955,297.8129469459595,325.2328554475487,293.36234301399463,-3.0107218462478254e-6
0.3,7.043116680590994e-4,-0.4591200376651741,297.67154889741335,325.1513726213787,291.30229333068786,-5.665660162972479e-6
0.4,6.599461285644384e-4,-0.21310673921501916,297.4497173695626,324.99365845395545,289.36065447086486,-7.963897204060432e-6
0.49337654266634845,6.061432105747037e-4,1.0001791900297074e-10,297.180699780737,324.7955348139103,287.6799177307263,-9.763233328248483e-6
0.49337654266634845,6.061432105747037e-4,1.0001791900297074e-10,297.180699780737,324.7955348139103,287.6799177307263,-9.763233328248483e-6
0.5,6.488867216502572e-21,1.1224941744282171e-5,297.15974850610706,324.7797972504067,287.6506879282226,-8.767648571445302e-17
0.6,-2.71034105926698e-35,1.1224941744282118e-5,296.8505415488528,324.5379758863368,287.3774883290452,7.020358298116705e-31
0.7,-2.9636480503642625e-35,1.1224941744282095e-5,296.5521215141907,324.3019024609362,287.1137246732118,7.714715408043515e-31
0.8,2.3708254304406542e-36,1.1224941744282088e-5,296.2647710129909,324.0743724979369,286.8596651560116,-6.156167984178094e-32
0.9,-5.67481718252559e-39,1.1224941744282083e-5,295.9879672157391,323.85509916561216,286.6148573757595,-4.635460441548107e-36
1,-1.0871792017617985e-39,1.1224941744282085e-5,295.72137563009335,323.6438354835489,286.3790116478008,-8.858527664137423e-37
1.1,8.581651685655817e-41,1.1224941744282085e-5,295.4646848727749,323.44033550585203,286.1518610379159,7.028421516893255e-38
1.2,2.1160893249129447e-40,1.1224941744282046e-5,295.2173659128024,323.2441917575109,285.9329459939388,1.7242448808815666e-37
1.3,2.460494631715901e-41,1.1224941744282008e-5,294.9791700810937,323.05521303692933,285.7220514057673,1.973813006829377e-38
1.4,-7.99661540443786e-41,1.122494174428198e-5,294.74975190228514,322.8731330619639,285.51887769087034,-6.528716029266005e-38
1.5,-1.215430577629077e-41,1.1224941744281925e-5,294.5287764678885,322.69769321068566,285.32313368015525,-9.830328442096877e-39
1.6,7.189565320041742e-41,1.1224941744281885e-5,294.31592267055703,322.5286457445159,285.13454073154566,5.878665234556346e-38
1.6806504145071035,1.0775020696941287e-40,1.1224941744281878e-5,294.14999994058496,322.39683249698084,284.9875000976067,8.799041290695262e-38
1.6806504145071035,1.0775020696941287e-40,1.1224941744281878e-5,294.14999994058496,322.39683249698084,284.9875000976067,8.799041290695262e-38
1.6841501623124193,-1.4148372609004945e-6,-1.0000015158438848e-10,294.1429154056979,322.39120357771833,284.9812737242544,-6.244805097034905e-6
1.6841501623124193,-1.4148372609004945e-6,-1.0000015158438848e-10,294.1429154056979,322.39120357771833,284.9812737242544,-6.244805097034905e-6
1.7,-7.808837043531495e-6,-2.632654291323983e-4,294.11094547173155,322.3657982671767,284.9545128545803,-6.205837565834711e-6
1.8,-4.7055539991224806e-5,-0.010195591175704007,293.91471248530297,322.20944076224396,284.8432891738396,-5.8888549359140165e-6
1.9,-8.38769238915461e-5,-0.03384576466665736,293.7306062845222,322.06183331747155,284.83035235125635,-5.457625516268899e-6
2,-1.1756737746319988e-4,-0.07020872715232494,293.5621549048072,321.92581628762304,284.9129809679289,-4.924742136622325e-6
2.1,-1.4751114984305408e-4,-0.1180441480685005,293.4124370781384,321.8039104072982,285.08711814091413,-4.303606167847974e-6
2.2,-1.7318231699370434e-4,-0.1759048707796193,293.28408240098156,321.6982911283404,285.3473865523147,-3.608450146867266e-6
2.3,-1.9414932097641934e-4,-0.24217180884680695,293.1792486380292,321.61076754449726,285.687100356077,-2.8542747801517023e-6
2.4,-2.1008016069881745e-4,-0.31508866336560837,293.09959576852384,321.5427608821362,286.09825180416874,-2.056811789918843e-6
2.5,-2.2074729751783608e-4,-0.3927984470264132,293.0462614583298,321.49528409939205,286.57150978432543,-1.2324716992401232e-6
2.6,-2.2603140245544098e-4,-0.47338129321126043,293.01984232397655,321.468926101872,287.09624126498744,-3.982709145128721e-7
2.7,-2.2592502821854016e-4,-0.5548945953115203,293.020375572773,321.4638355388382,287.66057050571226,4.282966993624605e-7
2.8,-2.2053508225692252e-4,-0.6354135098971365,293.047326637841,321.47970990714464,288.2514910548096,1.229453741721099e-6
2.9,-2.1008387789822258e-4,-0.7130724807862072,293.0995839229093,321.5157899038854,288.85504733072617,1.9874200502558403e-6
3,-1.9490802034139644e-4,-0.7861066182454309,293.17546437295977,321.57086167149373,289.456593405757,2.6847817037077086e-6
3.1,-1.754545324113289e-4,-0.8528922237153966,293.27273284624266,321.64326953835854,290.0411442431696,3.3049635797566887e-6
3.2,-1.5227364737544478e-4,-0.9119853784160741,293.3886381511235,321.7309417667709,290.5938115784211,3.832787261846811e-6
3.3,-1.2600781861067035e-4,-0.9621572516530014,293.5199679987604,321.83143084305306,291.1003045182155,4.25507812610551e-6
3.4,-9.73766893439502e-5,-1.0024247200787932,293.6631241554523,321.9419694445794,291.5474801649539,4.561296477814274e-6
3.5,-6.715805807207589e-5,-1.0320748485228644,293.81421761653456,322.05954229677513,291.9239042473631,4.744133741786878e-6
3.6,-3.616530810635087e-5,-1.0506818667793285,293.96918145945597,322.1809724423274,292.22036336304797,4.7999929507495215e-6
3.7,-5.222189837589886e-6,-1.0581154324077826,294.1238969329767,322.3030187153688,292.43028708396406,4.729302576115753e-6
3.7170781938570547,-1.5563978370943743e-9,-1.0582754289899257,294.150000059415,322.32369035385966,292.4571782456285,4.704846837321126e-6
3.7170781938570547,-1.5563978370943743e-9,-1.0582754289899257,294.150000059415,322.32369035385966,292.4571782456285,4.704846837321126e-6
3.8,2.4857148901492782e-5,-1.0545467122007963,294.274293305672,322.4224530266269,292.5500430141899,4.5367057477123106e-6
3.9,5.3318228472562e-5,-1.0404212678071771,294.4165981936136,322.53625882619826,292.5791508237759,4.230760324750865e-6
4,7.946708658892755e-5,-1.0164407896810754,294.54734180535587,322.64163675284556,292.51996616703974,3.823459400362533e-6
4.1,1.0268510535971853e-4,-0.9835556712015772,294.66343107690835,322.7360632705514,292.3777043662781,3.3300806250817154e-6
4.2,1.2247437102855225e-4,-0.9429161393308426,294.76237646851223,322.8174751116652,292.16004194321573,2.7680383076474035e-6
4.3,1.384507413899859e-4,-0.895828807966524,294.84225730051395,322.8842463289732,291.8765662199411,2.1561557033235985e-6
4.4,1.503528540916492e-4,-0.8437168664629284,294.9017667934776,322.9352281877459,291.5382853487413,1.5138299851015915e-6
4.5,1.580454498146991e-4,-0.7880748398596836,294.94022868266944,322.96976714898926,291.1570760487666,8.601755986516798e-7
4.6,1.6151498517326572e-4,-0.7304253624448389,294.95757528152615,322.9876916817388,290.7452311301822,2.1341369918262803e-7
4.7,1.6086117559525404e-4,-0.6722740853476654,294.9543051949963,322.9892829138219,290.31495220231756,-4.0977119176964873e-7
4.8,1.5628636965054208e-4,-0.6150738620774419,294.93143019060375,322.9752355322448,289.87802600725513,-9.945739591878559e-7
4.9,1.480813442814524e-4,-0.560185020549331,294.89040417402686,322.9466045800395,289.44546896635075,-1.528414610049911e-6
5,1.3661069834168744e-4,-0.5088487741746324,294.83305015674205,322.9047489462394,289.02738293282624,-2.0009671117728017e-6
5.1,1.2229824597480738e-4,-0.4621660845380229,294.76148722258785,322.8512750030161,288.6326943554939,-2.4043621388992156e-6
5.2,1.05612495082184e-4,-0.42107817535711795,294.67805792094225,322.78797919540546,288.26937706414435,-2.7326720734143223e-6
5.3,8.705187051654988e-5,-0.38635054859993095,294.58525438143073,322.7167906693647,287.94380554142094,-2.9826871061293575e-6
5.4,6.713150703462287e-5,-0.3585647259829713,294.4856522815474,322.6397174159515,287.6618190601355,-3.152169224734332e-6
5.5,4.6369465363272815e-5,-0.3381166602403052,294.38184192182786,322.55879518420437,287.42648672029327,-3.2429969949265215e-6
5.6,2.5279798982545672e-5,-0.3252173895435842,294.27639357156016,322.4760480537536,287.24287934667876,-3.254012213734883e-6
5.7,4.358376541266038e-6,-0.31989500120229153,294.1717865641773,322.3934498537552,287.1111285308521,-3.191119991039893e-6
5.721144162579191,1.044312801295308e-9,-0.319729351338426,294.14999994058496,322.3761833055114,287.09012531352744,-3.168589239428215e-6
5.721144162579191,1.044312801295308e-9,-0.319729351338426,294.14999994058496,322.3761833055114,287.09012531352744,-3.168589239428215e-6
5.8,-1.5922238043459707e-5,-0.3220003693329427,294.0703837130807,322.31288761667514,287.0326415992027,-3.058025843452172e-6
5.9,-3.512932769674533e-5,-0.3312252102125172,293.97434859419974,322.23609976200987,287.00716063667744,-2.8603962209653313e-6
6,-5.2866250632398846e-5,-0.34711754210545587,293.8856644055873,322.16469105664976,287.0335330522836,-2.604758290020617e-6
6.1,-6.877721773698852e-5,-0.3690743725659661,293.8061100802379,322.1001128960609,287.1095703589773,-2.298655452817005e-6
6.2,-8.256452358424781e-5,-0.3963832752290057,293.73717413175126,322.04359259913934,287.23220553820454,-1.9502063549331893e-6
6.3,-9.397997725017251e-5,-0.4282362655849532,293.68009750034486,321.99616673736233,287.3976020404864,-1.5680538332214388e-6
6.4,-1.028342717984343e-4,-0.463743430935575,293.63582670534487,321.95864336520043,287.6010448010178,-1.1614089951434267e-6
6.5,-1.089993560795563e-4,-0.5019568462522225,293.6050019867953,321.9315914287172,287.83716668043,-7.396964142224638e-7
6.6,-1.1240860290921843e-4,-0.5418939046272403,293.58795646438324,321.9153388881751,288.09987646460235,-3.1265246549078405e-7
6.7,-1.1305924550043486e-4,-0.582560170470957,293.5847039561917,321.9099619893101,288.38270743165305,1.1020430542649016e-7
6.8,-1.1100981679463531e-4,-0.6229726806132575,293.59495178144573,321.915293994905,288.67860190349796,5.19242264368662e-7
6.9,-1.0637923875166811e-4,-0.6621790418757214,293.61810531517045,321.9309280609583,288.9803626824683,9.053449116651782e-7
7,-9.934458673336636e-5,-0.6992796119005306,293.653279166076,321.95622425345823,289.28060026436015,1.259838351069666e-6
7.1,-9.01371072861704e-5,-0.7334481658354709,293.69931708828716,321.9903246313934,289.57201684740096,1.5748180124308885e-6
7.2,-7.903581454475732e-5,-0.7639514182900807,293.7548239995288,322.03217601166494,289.84755674423485,1.8433531580372488e-6
7.3,-6.63611691719842e-5,-0.7901645562621004,293.81819758719683,322.08055586392254,290.1007465615648,2.059801132535534e-6
7.4,-5.246565039279263e-5,-0.8115841821465861,293.88767544636244,322.1341047401267,290.325083988257,2.219024951193255e-6
7.5,-3.772670200855863e-5,-0.8278383121997025,293.9613703565284,322.19135858783704,290.51677619097467,2.3199238583311085e-6
7.6,-2.2533608426707588e-5,-0.8386929518217623,294.0373358897163,322.2507926304871,290.6701940875371,2.3591176552930478e-6
7.7,-7.278659138894426e-6,-0.8440551905155366,294.113610602828,322.31086360199254,290.78382077184443,2.3391114918953715e-6
7.748313222843479,-7.57445716866103e-10,-0.8446867580850949,294.15000005941505,322.3396601624104,290.8233384580862,2.308039781481034e-6
7.748313222843479,-7.57445716866103e-10,-0.8446867580850949,294.15000005941505,322.3396601624104,290.8233384580862,2.308039781481034e-6
7.8,7.652457453955017e-6,-0.8439733761649737,294.1882660547495,322.3700410335095,290.85482005046595,2.260490769027773e-6
7.9,2.189178888876001e-5,-0.8386355106225992,294.2594624908433,322.42685542053454,290.8832504842846,2.1278441069237495e-6
8,3.51157399804718e-5,-0.8283405449899175,294.32558194324906,322.48000342089927,290.86970585218893,1.9460137363889274e-6
8.1,4.701983565004126e-5,-0.8135130455176006,294.3851020473515,322.52824770018333,290.8160462798837,1.7214675731085326e-6
8.2,5.734998589808207e-5,-0.7946756027524121,294.43675236551036,322.57054274773867,290.7251961316578,1.4616195870806967e-6
8.3,6.590383887029301e-5,-0.7724332341651515,294.4795211519842,322.60604160139377,290.6009915173548,1.1745879306993273e-6
8.4,7.253261892095584e-5,-0.7474540561518144,294.51266454276134,322.63410480537016,290.44799720137314,8.689025883231424e-7
8.5,7.71433932417342e-5,-0.7204498725769375,294.53571788822353,322.654311070988,290.2713302563591,5.532177634748002e-7
8.6,7.969888234716896e-5,-0.6921558179661327,294.54849480511257,322.66645826101967,290.0764703018369,2.3603506828280944e-7
8.7,8.021544089461384e-5,-0.6633109385846816,294.551077080224,322.6705570132846,289.86907625045615,-7.454108717976312e-8
8.8,7.876113227894455e-5,-0.6346378306009411,294.54380504299326,322.66682474452585,289.6548137154702,-3.710330276236025e-7
8.9,7.544937340831421e-5,-0.6068274420760582,294.52724578916866,322.6556615738166,289.4392154045546,-6.467164602942437e-7
9,7.043475719199229e-5,-0.5805214047921082,294.50217229296885,322.63763510013735,289.2275315824628,-8.957882757099402e-7
9.1,6.390621917974508e-5,-0.556299041674314,294.4695292401675,322.61345413987743,289.0246269483286,-1.113433130947766e-6
9.2,5.608001213995672e-5,-0.5346680216356076,294.43039790097816,322.58394136262376,288.8349180257994,-1.295828321285119e-6
9.3,4.7193976889768236e-5,-0.5160531014347217,294.385967484082,322.55001133456375,288.66227512647055,-1.4402167333955454e-6
9.4,3.7500480307603e-5,-0.5007901469576542,294.33749982673953,322.5126427272451,288.50998321305667,-1.5448768774568524e-6
9.5,2.7259843987945613e-5,-0.48912325923352934,294.28629653815227,322.47285224525535,288.3807219601727,-1.6090711238633808e-6
9.6,1.67341764864687e-5,-0.481202063239266,294.233668160772,322.4316702113505,288.27654766364583,-1.6329960012020314e-6
9.7,6.181450863552214e-6,-0.4770827449766269,294.180904558108,322.39011687852786,288.1988814591875,-1.6177269057659461e-6
9.759418641978677,5.183933766501185e-10,-0.47642460612135623,294.14999994058496,322.36565689052884,288.16563635813674,-1.5908308381518407e-6
9.759418641978677,5.183933766501185e-10,-0.47642460612135623,294.14999994058496,322.36565689052884,288.16563635813674,-1.5908308381518407e-6
9.8,-4.149865784483179e-6,-0.476728198693883,294.1292480624702,322.3491810078374,288.14849969400115,-1.565166407922028e-6
9.9,-1.4024945342478495e-5,-0.48001424442906304,294.0798728100818,322.309802908587,288.12557991703085,-1.4779263570591386e-6
10,-2.32337828909085e-5,-0.4867447027941003,294.0338288203025,322.2728291239533,288.1297295135158,-1.3591493816070237e-6
10.1,-3.1579542533268436e-5,-0.4966414285387214,293.99210026623393,322.23905925538685,288.15997759689037,-1.2126638775345587e-6
10.2,-3.889763485464907e-5,-0.5093608530825767,293.9555100878559,322.2091692219526,288.2147910811142,-1.0427274975420887e-6
10.3,-4.505141621017611e-5,-0.5245089524337124,293.92474149573866,322.1837273703796,288.292176038583,-8.539316711016736e-7
10.4,-4.993413045472142e-5,-0.541646815966355,293.90032826248637,322.1631864703299,288.3896971581984,-6.511499454753069e-7
10.5,-5.347124414029804e-5,-0.5603020515357157,293.88264304690557,322.1478737871447,288.5045242390425,-4.3944159838330607e-7
10.6,-5.562129740494514e-5,-0.5799818550294918,293.8718931397652,322.1379869200555,288.63350686576587,-2.2393220907516386e-7
10.7,-5.637621832581236e-5,-0.6001840702641593,293.86811889217245,322.1335918896555,288.7732324280048,-9.724714527099305e-9
10.8,-5.576057042458394e-5,-0.6204094457289203,293.8711974782371,322.13462537454416,288.9201080536996,1.9821117461872702e-7
10.9,-5.383050629021431e-5,-0.6401734751518772,293.88084812713777,322.14089810927453,289.07044482528045,3.9515021626853065e-7
11,-5.0672171856839305e-5,-0.6590180441041859,293.89664010191547,322.1521004461697,289.2205439657985,5.767181674730366e-7
11.1,-4.639871107237623e-5,-0.6765221952928122,293.9180076763004,322.167813436358,289.3667886675737,7.389891661707971e-7
11.2,-4.114563709493311e-5,-0.6923073967809891,293.9442732787861,322.1875268669293,289.5057200688184,8.78545338334981e-7
11.3,-3.506913903286786e-5,-0.7060489448717772,293.9746559591625,322.2106450975594,289.63413281750735,9.925928291394076e-7
11.4,-2.83415890911787e-5,-0.717480096390717,294.00829385293133,322.2365044051801,289.7491627581321,1.0790341065056996e-6
11.5,-2.1147271331297128e-5,-0.7263997257447119,294.0442655374721,322.26438935731113,289.84832911101216,1.13648143360623e-6
11.6,-1.3676739894093524e-5,-0.7326737849395092,294.08161824108686,322.2935550213369,289.9296354877172,1.1643359347463793e-6
11.7,-6.121459295191266e-6,-0.7362371885925534,294.11939464149583,322.3232479535129,289.99160927985037,1.1627807592940328e-6
11.7819251332041,-3.681827908858076e-10,-0.7371368058973303,294.150000059415,322.3474451034807,290.02728990956314,1.1401985783870818e-6
11.7819251332041,-3.681827908858076e-10,-0.7371368058973303,294.150000059415,322.3474451034807,290.02728990956314,1.1401985783870818e-6
11.8,1.3307588229299127e-6,-0.7370934928531422,294.15665568197363,322.3527240982238,290.0332975187661,1.132716629876155e-6
11.9,8.49538793547933e-6,-0.7353175721602412,294.19247873280017,322.38124722682386,290.0543411361996,1.0758756270055103e-6
12,1.5209695908453442e-5,-0.7310421451876128,294.22605013709597,322.4081631829225,290.05493292413087,9.945348370671873e-7
12.1,2.1330360835184612e-5,-0.7244471585797481,294.2566532898744,322.43289118082083,290.0357346718647,8.914222463676812e-7
12.2,2.672352711463093e-5,-0.7157759580888727,294.28361891878797,322.45488323757314,289.9979412671299,7.699324528190944e-7
12.3,3.1278921434017026e-5,-0.705309868279834,294.30639566343984,322.47368200267687,289.94315265154887,6.337657818510461e-7
12.4,3.4914174606395455e-5,-0.6933660957558158,294.3245716844691,322.48893806906904,289.8733679840791,4.868663731814744e-7
12.5,3.757391772538957e-5,-0.6802881393207902,294.3378701441363,322.50040715116785,289.7909017526679,3.333099648796205e-7
12.6,3.92281821683143e-5,-0.6664332822756179,294.34614120610865,322.5079446969284,289.6982756401575,1.7716469188102023e-7
12.7,3.987294534865921e-5,-0.6521649099407762,294.3493647640559,322.5115086532703,289.5981556564542,2.2391883002035134e-8
12.8,3.95294505266091e-5,-0.6378433298263537,294.3476470405368,322.5111574646774,289.49327856285805,-1.2725348238438007e-7
12.9,3.824230387152586e-5,-0.6238170174067167,294.34121107216475,322.50704318182403,289.38637565168483,-2.6831132599791205e-7
13,3.607735980802748e-5,-0.6104145327653394,294.33038613624296,322.4994036679891,289.2801143628261,-3.9767570275244787e-7
13.1,3.311919175920388e-5,-0.5979370407959547,294.31559510428355,322.4885530983689,289.17700344259276,-5.127041131248739e-7
13.2,2.946826589944065e-5,-0.5866525171490528,294.2973403108771,322.47487111709455,289.0794003120058,-6.111696483909377e-7
13.3,2.5237661594796203e-5,-0.576790236157873,294.2761871556626,322.4587902475713,288.98940065102767,-6.913848359921574e-7
13.4,2.0549853159736857e-5,-0.5685370653623035,294.2527480122265,322.4407832929327,288.9088510839507,-7.521419634940248e-7
13.5,1.5533399592391496e-5,-0.5620345870542236,294.22766567669964,322.4213504108543,288.8392922480928,-7.927565475618193e-7
13.6,1.0319710342132746e-5,-0.5573775380970744,294.2015971966543,322.4010063381459,288.7819545558282,-8.130335574815374e-7
13.7,5.039887876539729e-6,-0.5546132056979535,294.175198083953,322.3802678800342,288.7377381682219,-8.132581311904368e-7
13.796533054631107,2.5316268331046814e-10,-0.5537411035425206,294.14999994058496,322.3603497380437,288.708035345887,-7.951377996629531e-7
13.796533054631107,2.5316268331046814e-10,-0.5537411035425206,294.14999994058496,322.3603497380437,288.708035345887,-7.951377996629531e-7
13.8,-1.7827182610847006e-7,-0.5537422146233507,294.1491073172639,322.35964192641524,288.70720936835124,-7.941641369191252e-7
13.9,-5.211098060337971e-6,-0.5547179880036787,294.12394324815386,322.33962221648204,288.69059802671205,-7.569278722903812e-7
14,-9.948285000121497e-6,-0.5574548359214192,294.1002574032712,322.32065212935584,288.68780884575904,-7.030385652067189e-7
14.1,-1.4289402637245742e-5,-0.5618316312623126,294.07855192968736,322.3031382709935,288.69846451857364,-6.342778476823263e-7
14.2,-1.8141212794030207e-5,-0.5676875164472552,294.0592930147273,322.28746140343674,288.72188444752715,-5.52784005680367e-7
14.3,-2.1429611610588334e-5,-0.5748292702936326,294.04285117375554,322.27392860481353,288.757077000082,-4.6091730065107677e-7
14.4,-2.4097235733080327e-5,-0.5830430218291824,294.02951321942703,322.2627819767072,288.8028341239587,-3.6115061405357074e-7
14.5,-2.6100485709300847e-5,-0.5920987951527723,294.01949714468634,322.2542101518909,288.8577588229427,-2.5606561208299473e-7
14.6,-2.741243237733286e-5,-0.6017527240367502,294.01293759095233,322.2483366454692,288.92027868695675,-1.4829763908296128e-7
14.7,-2.8023626966062166e-5,-0.6117538816419837,294.00988179774475,322.24521620123517,288.9886897647893,-4.0461516806221755e-8
14.8,-2.7942452352693895e-5,-0.6218504124495262,294.0102878463516,322.24483298988156,289.06116404291583,6.486411095726613e-8
14.9,-2.719322827621117e-5,-0.6317964972334839,294.0140341340347,322.2471076618424,289.13584263114313,1.6524974233107502e-7
15,-2.5815524056893336e-5,-0.6413581403111984,294.02092281048846,322.2518996719823,289.2108726022884,2.584608582232216e-7
15.1,-2.3862572199920373e-5,-0.6503182285843648,294.0306877097901,322.25901321963966,289.2844277626989,3.424693636260917e-7
15.2,-2.139999510013484e-5,-0.6584806757863302,294.0430007170358,322.2682020074877,289.3547659814235,4.1552185255594674e-7
15.3,-1.8503647433405548e-5,-0.6656752051369491,294.0574825565066,322.27917744113574,289.4202881284427,4.7619968356187714e-7
15.4,-1.525735382666209e-5,-0.6717610475724829,294.0737141032125,322.2916173190031,289.4795442858676,5.234010067135452e-7
15.5,-1.175105412636186e-5,-0.67662843531872,294.0912456566593,322.30517305501024,289.5312765587413,5.563806291667975e-7
15.6,-8.078014780274863e-6,-0.6802009037379991,294.1096108841085,322.31948055703964,289.5744828819672,5.748090945605023e-7
15.7,-4.332896599332978e-6,-0.6824353168235858,294.12833648151764,322.33416783092,289.60837934728295,5.786947678249328e-7
15.8,-6.08980438758501e-7,-0.6833225867859343,294.14695604504834,322.3488659476016,289.6324008376324,5.683509265449241e-7
15.816573906978245,-1.7654970159875283e-10,-0.6833406951800297,294.150000059415,322.3512778198402,289.6354069055074,5.653083672073409e-7
15.816573906978245,-1.7654970159875283e-10,-0.6833406951800297,294.150000059415,322.3512778198402,289.6354069055074,5.653083672073409e-7
15.9,3.0022739615922606e-6,-0.6828881783219771,294.16501227743595,322.363210730585,289.646330048317,5.445776310927561e-7
16,6.41568779335124e-6,-0.6811905732304535,294.1820792863266,322.3768604818443,289.65016605870807,5.084170948016902e-7
16.1,9.560499089692964e-6,-0.6783089116399197,294.197803263938,322.3895291706955,289.64415370562557,4.610952003646941e-7
16.2,1.2368885172491978e-5,-0.6743516094422777,294.21184509942583,322.4009402939967,289.62876798770964,4.0413973248831375e-7
16.3,1.4781896385111172e-5,-0.6694524691899336,294.22391004743497,322.41085068386934,289.6047140874767,3.3930761303078166e-7
16.4,1.6754151663537373e-5,-0.6637624846152712,294.2337712057637,322.4190697146159,289.5728879867103,2.6846954623880613e-7
16.5,1.8252792810044032e-5,-0.6574459756173114,294.2412642866645,322.42545544425093,289.5343410053601,1.9357073116829786e-7
16.6,1.9258346294518147e-5,-0.6506779488086251,294.2462919257936,322.4299182305457,289.4902624261597,1.1659475991255917e-7
16.7,1.976359562558202e-5,-0.6436377659725852,294.2488180439556,322.4324167270226,289.4419259570671,3.949882891512726e-8
16.8,1.9773949830839034e-5,-0.6365051953962403,294.248869689432,322.43295963139286,289.3906621155708,-3.583127724901869e-8
16.9,1.930662024346078e-5,-0.6294556654689065,294.2465329218314,322.43160276846413,289.3378183856894,-1.0762958413686049e-7
17,1.838983613085322e-5,-0.6226564847372972,294.24194889017673,322.4284462507532,289.2847289095868,-1.7428474471995318e-7
17.1,1.706175459959934e-5,-0.6162631798007953,294.2353083823744,322.42363041546605,289.2326831861583,-2.343725859825063e-7
17.2,1.5368952308365374e-5,-0.6104155708867395,294.2268442837238,322.4173301257823,289.1828907636937,-2.866893957071566e-7
17.3,1.3365055388227748e-5,-0.6052352732107193,294.21682472649786,322.409749496809,289.136460955839,-3.302648288748308e-7
17.4,1.110913713333977e-5,-0.6008235437734697,294.20554507837085,322.40111569272847,289.0943792895565,-3.6437681433926043e-7
17.5,8.664169516906377e-6,-0.59725981749858,294.1933201999915,322.3916728789363,289.0574919750264,-3.885553286195265e-7
17.6,6.095374252911815e-6,-0.5946005242723993,294.18047620029535,322.3816757570119,289.02649290234444,-4.025812202634337e-7
17.7,3.468588014053927e-6,-0.5928784433833825,294.16734226259814,322.3713831175285,289.00191194833326,-4.0648333862368133e-7
17.8,8.486727453334069e-7,-0.5921027207355399,294.154242696178,322.36105152735274,288.984107823317,-4.005295708996035e-7
17.832852797399347,1.2028349392110306e-10,-0.5920526731643755,294.14999994058496,322.3576912148373,288.9797739653295,-3.96499896090326e-7
17.832852797399347,1.2028349392110306e-10,-0.5920526731643755,294.14999994058496,322.3576912148373,288.9797739653295,-3.96499896090326e-7
17.9,-1.7014268239110033e-6,-0.5922589001478792,294.1414922238516,322.3509315862321,288.97326630218646,-3.85217869404672e-7
18,-4.1223745330199065e-6,-0.5933098465973801,294.1293875252409,322.34126114677883,288.9693991550749,-3.6125713649183866e-7
18.1,-6.36379171253939e-6,-0.5952019383621012,294.1181804923124,322.3322436818978,288.97236174614903,-3.294759711032052e-7
18.2,-8.377667257234202e-6,-0.5978637498726572,294.1081111789306,322.324074499775,288.98187496148086,-2.908711882625219e-7
18.3,-1.0121352762647188e-5,-0.601204342793771,294.0993928251703,322.3169289905052,288.99749807022647,-2.466110097147345e-7
18.4,-1.1562658371515172e-5,-0.60511839491129,294.09218637821624,322.3109420727785,289.0186389665069,-1.9795770489725204e-7
18.5,-1.2679208387062863e-5,-0.6094917924373652,294.08660371438634,322.3062103666548,289.04459911357054,-1.4620956679220006e-7
18.6,-1.3454418670756674e-5,-0.6142059619731997,294.08272775217785,322.30280784680997,289.0746227704677,-9.267798492536547e-8
18.7,-1.388122980621259e-5,-0.6191369550902028,294.0805937864653,322.3007711056584,289.1078545109523,-3.870406009200876e-8
18.8,-1.3959816476349981e-5,-0.6241600764721638,294.08020094166847,322.30010813050416,289.1434160129689,1.442593376024872e-8
18.9,-1.3699370525048046e-5,-0.629150706550794,294.08150325647773,322.30079117027475,289.1803778659096,6.546107003134445e-8
19,-1.3117964896154878e-5,-0.6339888476972867,294.08441036423585,322.30275696391703,289.2177900175885,1.1322877592645206e-7
19.1,-1.2240240757243995e-5,-0.6385637076236086,294.08879905737473,322.3059155999034,289.25474186640696,1.566946474979327e-7
19.2,-1.109720750156322e-5,-0.6427736431973045,294.094514287411,322.3101512949544,289.29035545962273,1.9495008901879274e-7
19.3,-9.725135253143772e-6,-0.6465296591340882,294.1013747024688,322.3153265463126,289.32381383777636,2.2724035324471163e-7
19.4,-8.164833293617885e-6,-0.6497561673164698,294.10917625515515,322.3212849343769,289.3543732141193,2.5297358781460007e-7
19.5,-6.460176032355751e-6,-0.6523932918080323,294.11769957273896,322.32785679874115,289.38138801870224,2.7173956791658387e-7
19.6,-4.657198826838316e-6,-0.654397305896861,294.12671447805377,322.3348627830601,289.4043203593263,2.833125353028782e-7
19.7,-2.803011396612054e-6,-0.6557411698375792,294.1359854224286,322.3421180958838,289.42274623357184,2.8764702746648235e-7
19.8,-9.441375222680951e-7,-0.6564148112452868,294.1452797871807,322.34943907712267,289.4363673345372,2.848748668002841e-7
19.85148374052062,-8.170718774083735e-11,-0.6565018673437961,294.150000059415,322.3531750763943,289.44144660871666,2.807697911899181e-7
19.85148374052062,-8.170718774083735e-11,-0.6565018673437961,294.150000059415,322.3531750763943,289.44144660871666,2.807697911899181e-7
19.9,8.742681024247475e-7,-0.6564253739599841,294.1543717993571,322.35664627422256,289.44501905531666,2.753073139473105e-7
20,2.607581052256621e-6,-0.6557977935693062,294.1630383376666,322.3635610677262,289.4486693123145,2.594436560527332e-7
20.1,4.218872830903123e-6,-0.6545685241842746,294.1710947605972,322.37003452413364,289.44740685788463,2.3786626323230757e-7
20.2,5.675776628310876e-6,-0.6527841077096609,294.17837923521114,322.37593507168435,289.44141646124984,2.112425752561911e-7
20.3,6.947032286858304e-6,-0.6505067835273134,294.1847354621028,322.3811344080116,289.4310025565908,1.804020451508992e-7
20.4,8.00727505517271e-6,-0.6478087725304762,294.19003661902303,322.3855268893413,289.4165700083147,1.4624929858169633e-7
20.5,8.837969773031393e-6,-0.64476976815381,294.1941900317496,322.3890334133651,289.39860988541614,1.0973180322786731e-7
20.6,9.426738762972474e-6,-0.6414743757102648,294.19713381350545,322.39159893882044,289.37767723166866,7.181546913708174e-8
20.7,9.767790013391615e-6,-0.6380108921801929,294.1988390058462,322.39319427217515,289.35438373305976,3.3468638065459014e-8
20.8,9.861523926058023e-6,-0.6344690466923003,294.19930761236145,322.3938146709423,289.3293792159183,-4.3602505748930355e-9
20.9,9.71417556998975e-6,-0.6309371247560237,294.19857080989556,322.3934786315052,289.3033288735627,-4.0771693273623095e-8
21,9.337698405035634e-6,-0.6275000571081567,294.1966883671328,322.39222756292116,289.2768991205634,-7.493444040559563e-8
21.1,8.74907905291446e-6,-0.6242372893586372,294.193745218422,322.39012322230656,289.25073873580504,-1.0610477046413293e-7
21.2,7.969847473819314e-6,-0.6212215027321943,294.1898490146405,322.38724586143854,289.2254679670173,-1.3363646041249707e-7
21.3,7.025584041808117e-6,-0.6185172496564821,294.18512765855405,322.38369236809916,289.20166651126266,-1.5699237711745115e-7
21.4,5.944763249987354e-6,-0.6161788153183176,294.17972352331606,322.3795718295648,289.179853328625,-1.7575991363418673e-7
21.5,4.7580714172187185e-6,-0.6142497767795063,294.1737900409986,322.3750028602305,289.1604801028908,-1.8965222342644736e-7
21.6,3.4976963906021886e-6,-0.6127624117549114,294.167488151106,322.3701108176631,289.14392540163107,-1.9850807775338494e-7
21.7,2.1963992392656127e-6,-0.6117371000439311,294.1609816590397,322.36502416605816,289.13048554330794,-2.022938923196823e-7
21.8,8.867826347195268e-7,-0.6111826233521735,294.1544335780128,322.35987155255,289.1203734357738,-2.0109647261941048e-7
21.86859990986217,5.394797237591631e-11,-0.6110735860696036,294.14999994058496,322.35636411600814,289.1154303938606,-1.9749312525512906e-7
21.86859990986217,5.394797237591631e-11,-0.6110735860696036,294.14999994058496,322.35636411600814,289.1154303938606,-1.9749312525512906e-7
21.9,-3.9941929101299357e-7,-0.6110961858861452,294.1480025783483,322.3547789883173,289.11371596908685,-1.9511814338068194e-7
22,-1.6303265734165306e-6,-0.6114618766669179,294.1418480593052,322.3498739734477,289.11054868342484,-1.8469698084484811e-7
22.1,-2.77924016911562e-6,-0.6122546339041457,294.13610351542366,322.3452641052747,289.1108176666324,-1.7023884492248403e-7
22.2,-3.822699545611845e-6,-0.6134411898119404,294.13088624857807,322.3410447128107,289.11439618677497,-1.5221675201237917e-7
22.3,-4.74092510051844e-6,-0.6149835311925064,294.12629515594386,322.3372968607139,289.12110695209225,-1.3113281573085847e-7
22.4,-5.515599357411842e-6,-0.6168330248154019,294.12242182389406,322.3340965547111,289.1306904110495,-1.0759193095793914e-7
22.5,-6.132575029041183e-6,-0.6189337220410601,294.1193369877669,322.33150377927984,289.14281519716707,-8.225329386702583e-8
22.6,-6.581574059871902e-6,-0.6212263286939591,294.11709203671745,322.32956341463887,289.1571077555193,-5.5790640014211225e-8
22.7,-6.857619464513664e-6,-0.6236495911234625,294.1157118545609,322.3282994654098,289.1731551480958,-2.8870613342878944e-8
22.8,-6.960158717173808e-6,-0.6261414380885267,294.11519920283934,322.32771845602593,289.19051733110143,-2.1454787812945024e-9
22.9,-6.893285460948542e-6,-0.6286412084878051,294.1155336123145,322.3278083979595,289.20874176543634,2.3771014602124782e-8
23,-6.662593645145875e-6,-0.6310874300623979,294.1166871122131,322.32855141898176,289.2273617943945,4.826273849716962e-8
23.1,-6.277916063439198e-6,-0.633422498402703,294.11861053764125,322.3299125809256,289.2459169679862,7.077452179525372e-8
23.2,-5.754056228908688e-6,-0.6355937013356561,294.12122987024236,322.33183689782254,289.2639601563268,9.083163164227044e-8
23.3,-5.108835602312274e-6,-0.6375541617430849,294.1244560020444,322.33425701825337,289.28106939980233,1.0803313554229482e-7
23.4,-4.362124143572143e-6,-0.6392637152471486,294.12818958271436,322.33709700552885,289.29686079867605,1.220590109697652e-7
23.5,-3.5353447424810954e-6,-0.6406895668626802,294.1323234974135,322.3402742532267,289.3109961649765,1.3267532119901705e-7
23.6,-2.65098104734133e-6,-0.6418058552733562,294.1367453276412,322.3437014644058,289.3231819683567,1.3972663205435713e-7
23.7,-1.7323797946167278e-6,-0.6425960016346826,294.1413383396269,322.34728727047144,289.33318729793035,1.4315995101505045e-7
23.8,-8.030191685391275e-7,-0.6430524394663822,294.1459851425209,322.3509391491755,289.34084553294804,1.4301822195143637e-7
23.887391277118528,-3.480459925989034e-11,-0.6431781529963798,294.150000059415,322.3541133019318,289.34553145745565,1.4006296951003744e-7
23.887391277118528,-3.480459925989034e-11,-0.6431781529963798,294.150000059415,322.3541133019318,289.34553145745565,1.4006296951003744e-7
23.9,1.1414525236168292e-7,-0.6431755619627637,294.15057095863983,322.3545660866892,289.3460506627536,1.394269313646498e-7
24,9.962898394536471e-7,-0.6429750673589943,294.15498167021167,322.3580769374426,289.3487640994929,1.3260887059502378e-7
24.1,1.8239111083120805e-6,-0.6424672506034266,294.15911976027405,322.36139325024965,289.3490111047398,1.2283987291831182e-7
24.2,2.5799368888079475e-6,-0.6416743145340079,294.16289986851933,322.36444579324683,289.3468712348673,1.1044567072113135e-7
24.3,3.2494530791789917e-6,-0.6406233927002599,294.1662474250502,322.36717354010165,289.3424700249404,9.579303592236183e-8
24.4,3.818161659331541e-6,-0.6393474251665355,294.1690909404742,322.3695174962177,289.33597790894305,7.93070673995946e-8
24.5,4.274623037207376e-6,-0.6378853663382831,294.1713732176203,322.3714295738959,289.32762194365364,6.146093659642129e-8
24.6,4.611436765061348e-6,-0.6362801934786091,294.1730572550727,322.3728774128654,289.3176774705507,4.2749197161313733e-8
24.7,4.8250711733250626e-6,-0.6345765700098425,294.174125395304,322.3738438701279,289.30644898645903,2.3661801862485862e-8
24.8,4.9161714671509705e-6,-0.6328191783489326,294.1745808651169,322.37432835986357,289.29426241921493,4.669003218375131e-9
24.9,4.886709984627472e-6,-0.6310514437170962,294.17443352695227,322.37433564709266,289.2814378370837,-1.3783804047000424e-8
25,4.740676945755003e-6,-0.6293154298869381,294.17370333260476,322.37387859444846,289.2682989154055,-3.127063409320527e-8
25.1,4.484917662696205e-6,-0.6276516515638743,294.1724245093073,322.3729814908802,289.25516106268634,-4.741262693051635e-8
25.2,4.129672796495763e-6,-0.6260977544382226,294.1706482609035,322.37168229251216,289.2423509212172,-6.185595886190241e-8
25.3,3.6867457051546346e-6,-0.6246875334199872,294.16843360466135,322.3700254210538,289.23016788722566,-7.430593235239107e-8
25.4,3.1696324515819525e-6,-0.6234502695742631,294.1658480213023,322.36806232513305,289.21887960688923,-8.453517348846065e-8
25.5,2.594339581962899e-6,-0.6224099898294719,294.16297154388417,322.3658547717737,289.2087173983377,-9.24003665424655e-8
25.6,1.9758455107645577e-6,-0.6215853595522404,294.1598790646432,322.36346083570686,289.19989247194275,-9.777502154969545e-8
25.7,1.3307300242048925e-6,-0.6209890750847537,294.156653482547,322.360945359227,289.19258297576073,-1.0060074326666348e-7
25.8,6.761111822395083e-7,-0.6206270820762021,294.1533803877771,322.35837579352614,289.18693096119927,-1.008786393270229e-7
25.9,2.717205718350348e-8,-0.6205011260729445,294.15013569566446,322.3558122018578,289.18299823237686,-9.870397811434055e-8
25.904239866926538,2.0993925274106714e-11,-0.6205009557633583,294.14999994058496,322.3557045860178,289.18287005087245,-9.855965421536951e-8
25.904239866926538,2.0993925274106714e-11,-0.6205009557633583,294.14999994058496,322.3557045860178,289.18287005087245,-9.855965421536951e-8
26,-5.990481408226936e-7,-0.620604672882727,294.14700460213527,322.3533225766733,289.18077728687945,-9.429648145402028e-8
26.1,-1.1890143185084476e-6,-0.6209267646636218,294.1440547821407,322.35096136030904,289.1803099336421,-8.776029507251753e-8
26.2,-1.7306020306763488e-6,-0.6214525574971759,294.1413468576076,322.3487776486437,289.181528159459,-7.934365590587726e-8
26.3,-2.21311073928416e-6,-0.6221636482200864,294.1389343308097,322.34681514771705,289.1843508135308,-6.929657657693754e-8
26.4,-2.6262204878638214e-6,-0.6230373686147764,294.1368688010419,322.34511635248526,289.1886645900689,-5.791157930450308e-8
26.5,-2.961601405678488e-6,-0.6240467973273383,294.1351919171135,322.3437161663392,289.19431638199933,-4.551521414158863e-8
26.6,-3.213729252227014e-6,-0.6251621305265584,294.13393129965743,322.3426385724293,289.201119358558,-3.244916124108867e-8
26.7,-3.3797801305572646e-6,-0.6263523099374664,294.13310106759064,322.34189693748687,289.2088646020669,-1.9054454453263234e-8
26.8,-3.4596484168336563e-6,-0.6275860392909175,294.1327017484846,322.34149387033386,289.2173293396333,-5.659177597443203e-9
26.9,-3.4540739192911253e-6,-0.6288327735190569,294.13272964276996,322.34142857669616,289.22629112640203,7.419403555786642e-9
27,-3.365443557714108e-6,-0.6300625877400526,294.1331728153453,322.34169369086476,289.23552472079905,1.9880082672515857e-8
27.1,-3.198420238224562e-6,-0.6312466768449349,294.134007951215,322.342272746729,289.2447984814571,3.14400915233612e-8
27.2,-2.960061214771046e-6,-0.6323583543044359,294.1351997637063,322.34313964282535,289.25389396736256,4.186540272972876e-8
27.3,-2.65850194543064e-6,-0.6333730455070434,294.13670757516917,322.34426385446295,289.26259538529234,5.093901595948473e-8
27.4,-2.3029337785617827e-6,-0.6342686401200119,294.13848542855214,322.34561049805666,289.2706940161482,5.846719248406219e-8
27.5,-1.903601653951671e-6,-0.6350284341987401,294.14048209895486,322.3471401385939,289.27802510684177,6.433366387712001e-8
27.6,-1.4718521108387383e-6,-0.6356380023221446,294.1426408535274,322.34880881398266,289.284430922929,6.844591260345485e-8
27.7,-1.0190777522201368e-6,-0.6360877809692537,294.14490472918834,322.3505720386605,289.2897917420553,7.076777802857686e-8
27.8,-5.570317530708635e-7,-0.6363721346982043,294.1472149600672,322.3523836216177,289.2940104259024,7.13006180186642e-8
27.9,-9.727345200661392e-8,-0.6364899802807266,294.14951374955285,322.3541978197062,289.2970214933609,7.008984963124606e-8
27.92144215196203,-1.1319809213971946e-11,-0.6364937422161244,294.150000059415,322.35458309986353,289.2975063988476,6.961059391596453e-8
27.92144215196203,-1.1319809213971946e-11,-0.6364937422161244,294.150000059415,322.35458309986353,289.2975063988476,6.961059391596453e-8
28,3.4851789891357464e-7,-0.6364442888864421,294.1517427015403,322.355968129145,289.29879025442114,6.722754285931658e-8
28.1,7.692423322474713e-7,-0.63624387047954,294.1538463164466,322.3576499354987,289.29933154135,6.287137156229627e-8
28.2,1.156994283036398e-6,-0.6358986005617503,294.15578506669044,322.3592112075097,289.29867757719586,5.716537675104566e-8
28.3,1.5041001247465208e-6,-0.635421320218586,294.1575205844333,322.3606206255333,289.29688457986697,5.028597470777721e-8
28.4,1.8042915139970722e-6,-0.6348259816914669,294.1590215282594,322.36185236217386,289.29402341885884,4.241387469066984e-8
28.5,2.051528124499331e-6,-0.6341312101495868,294.1602576969186,322.3628811649644,289.29019967001045,3.377790743903842e-8
28.6,2.241388298005418e-6,-0.6333571335700268,294.16120698251285,322.36368809226616,289.2855372730804,2.4614027684138006e-8
28.7,2.3713817556945516e-6,-0.632525587347015,294.1618569340543,322.36426173853226,289.2801814882382,1.5165822816512866e-8
28.8,2.440185440061159e-6,-0.6316582560118489,294.16220093664816,322.3645953359309,289.2742819245913,5.6689687846172184e-9
28.9,2.447760752785446e-6,-0.6307767713512712,294.1622387976829,322.36468721220064,289.26799379151885,-3.6483689063418452e-9
29,2.397091702600507e-6,-0.6299026126352134,294.16198543755263,322.3645476881158,289.2614852588965,-1.2576017255311574e-8
29.1,2.290230307988979e-6,-0.6290564927078874,294.16145111669476,322.3641834439259,289.25491461812237,-2.0906885637936064e-8
29.2,2.132100804551661e-6,-0.6282573918822089,294.16066045657624,322.36361266821996,289.248441,-2.8467818543076066e-8
29.3,1.92731988412089e-6,-0.6275235006145758,294.1596365409335,322.3628523858473,289.2422164768595,-3.509224735908267e-8
29.4,1.6824856779853719e-6,-0.6268708837382375,294.15841236064506,322.36192762629474,289.2363870297225,-4.064679811580478e-8
29.5,1.4051856180987857e-6,-0.6263117075104035,294.1570258530161,322.36086761461354,289.2310752813015,-4.50444739869038e-8
29.6,1.1027525288078056e-6,-0.6258582300185015,294.1555136823174,322.35970055994096,289.2264033543673,-4.819589332454168e-8
29.7,7.83822576280412e-7,-0.6255172091815357,294.15391902942054,322.3584602241856,289.22246003452784,-5.007653191973046e-8
29.8,4.5670968393944983e-7,-0.6252921520195353,294.1522834639294,322.3571793194723,289.2193093557369,-5.0694229053494347e-8
29.9,1.2958834606554187e-7,-0.6251856076409575,294.15064785828685,322.3558900722595,289.21700785698806,-5.006611122520866e-8
29.940172830509344,4.6082371727482255e-12,-0.6251760876256953,294.14999994058496,322.3553770668134,289.2163303424104,-4.9473751327950134e-8
29.940172830509344,4.6082371727482255e-12,-0.6251760876256953,294.14999994058496,322.3553770668134,289.2163303424104,-4.9473751327950134e-8
30,-1.8949293804593015e-7,-0.6251965451177404,294.14905245489956,322.3546244604137,289.21558589410495,-4.824616952186645e-8
30.1,-4.92539803058718e-7,-0.6253191936752511,294.1475372254218,322.3534145787421,289.2150396702575,-4.5337832396506484e-8
30.2,-7.734903881511536e-7,-0.6255468895658122,294.1461324789869,322.35228492404815,289.2153499571627,-4.144350787495965e-8
30.3,-1.0265540482583059e-6,-0.625870691899996,294.1448671686123,322.35125907730423,289.216479988908,-3.6688009934972117e-8
30.4,-1.2469427415532851e-6,-0.6262802231569319,294.14376523428274,322.3503567454828,289.21837802944196,-3.12058400103397e-8
30.5,-1.4300411566554143e-6,-0.6267633468418129,294.1428497523019,322.34959707382666,289.22097896798624,-2.514900563748974e-8
30.6,-1.5723237435625993e-6,-0.6273056864049383,294.142138350137,322.3489950447256,289.22419646071006,-1.8687323498297248e-8
30.7,-1.6714686141986878e-6,-0.6278918978755325,294.14164263693885,322.3485609369835,289.22793165050916,-1.1994233587366735e-8
30.8,-1.7265184453273454e-6,-0.6285057983118262,294.1413673990321,322.34829967909235,289.23207314419386,-5.244863953349373e-9
30.9,-1.7379348892346999e-6,-0.6291311711227684,294.1413103278758,322.34821057725765,289.23650255194485,1.3927615570049086e-9
31,-1.7072017515222234e-6,-0.6297524862031,294.1414640041812,322.34828883808063,289.24110187732543,7.763708642740128e-9
31.1,-1.6366321461626459e-6,-0.6303551314640832,294.1418168621473,322.34852631650824,289.24575487373744,1.372575517636393e-8
31.2,-1.5293851675199527e-6,-0.6309257236820458,294.1423531060914,322.34891142842133,289.250351303721,1.915585678638519e-8
31.3,-1.389336693065238e-6,-0.631451998201745,294.14305335644536,322.34942967022687,289.2547848678389,2.394551460233081e-8
31.4,-1.2207599386105002e-6,-0.6319228747226128,294.1438962469805,322.3500648804216,289.2589549575069,2.7999435682101413e-8
31.5,-1.0283928784534665e-6,-0.632329120401815,294.1448580876968,322.35079892610645,289.26277408589135,3.124728146366077e-8
31.6,-8.174883271752206e-7,-0.6326628500635552,294.1459126144226,322.35161153931296,289.2661617752546,3.363529628255726e-8
31.7,-5.937537895332561e-7,-0.6329184677719661,294.14703128960116,322.3524804883063,289.26904897524633,3.513203295360772e-8
31.8,-3.633715129480426e-7,-0.6330916228357565,294.1481832019745,322.3533815729,289.27137512567043,3.572432449840067e-8
31.9,-1.3153176238644028e-7,-0.633181454707655,294.1493424002429,322.3542942799703,289.2731103485452,3.543188141483729e-8
31.957476111737684,2.568006154656172e-13,-0.6331954030470699,294.150000059415,322.354814692425,289.27382913790177,3.487622329848601e-8
31.957476111737684,2.568006154656172e-13,-0.6331954030470699,294.150000059415,322.354814692425,289.27382913790177,3.487622329848601e-8
32,9.531763827534213e-8,-0.6331880946627466,294.1504766453431,322.35519304195367,289.27422561473975,3.4291050270846774e-8
32.1,3.111000642106282e-7,-0.6331151238730948,294.15155555427265,322.35605352008105,289.2747173808648,3.2371014858125304e-8
32.2,5.117100949587335e-7,-0.6329677567609057,294.152558600056,322.3568590749786,289.27460390496765,2.974881795979861e-8
32.3,6.933777069929775e-7,-0.6327517250683019,294.15346693270976,322.3575943601544,289.2739086039998,2.650496412241794e-8
32.4,8.523816109565666e-7,-0.6324746234979476,294.15426194595346,322.3582440914719,289.2726685122198,2.273933837698036e-8
32.5,9.86098704275818e-7,-0.632143848664784,294.1549305244277,322.3587973518205,289.27092441723835,1.854388873685424e-8
32.6,1.091900485843141e-6,-0.6317695564226566,294.15545952582846,322.3592430088281,289.26873689504293,1.4039657676356487e-8
32.7,1.1680147026983552e-6,-0.6313622195035337,294.15584008909065,322.3595733021585,289.2661728072367,9.346427541846996e-9
32.8,1.2140662908667579e-6,-0.6309327617607243,294.15607033908947,322.35978597828955,289.2633088093496,4.581243395527637e-9
32.9,1.2300513757856247e-6,-0.6304922192231062,294.1561502566459,322.3598802472324,289.26022410337544,-1.3965820105611896e-10
33,1.216283844201979e-6,-0.6300511897176502,294.15608141137676,322.35985660954265,289.25699620896654,-4.706399006521764e-9
33.1,1.1737213967499507e-6,-0.6296199991049148,294.1558685919578,322.3597181371109,289.253703689866,-9.015451024413789e-9
33.2,1.103763790145271e-6,-0.629208646668551,294.15551879733545,322.3594696770088,289.25042485525256,-1.2969071168422795e-8
33.3,1.0102096091341947e-6,-0.6288257075438674,294.15505102054965,322.3591256856331,289.24723899925266,-1.6497438577989167e-8
33.4,8.947213747830353e-7,-0.6284804880797802,294.15447357435426,322.3586921004466,289.2442206721318,-1.951154114137288e-8
33.5,7.617338734994238e-7,-0.6281789245351527,294.1538086327458,322.35818608538,289.2414331763264,-2.197280522622639e-8
33.6,6.138867096709999e-7,-0.6279291713474024,294.1530693938656,322.35761753199904,289.2389473738707,-2.3809590763733736e-8
33.7,4.561828669825655e-7,-0.6277333522361048,294.1522808726242,322.3570061238191,289.2368019420667,-2.5026403428921994e-8
33.8,2.921276564524297e-7,-0.6275971173295839,294.15146059564455,322.3563653599664,289.2350538275948,-2.558261407810991e-8
33.9,1.2642383465518536e-7,-0.6275200002818325,294.1506320766593,322.35571391542993,289.2337217434097,-2.5508338843485554e-8
33.9771253640837,-3.5418586769626436e-12,-0.6275018911077578,294.14999994058496,322.3552140255845,289.2329973444052,-2.5023395479277816e-8
33.9771253640837,-3.5418586769626436e-12,-0.6275018911077578,294.14999994058496,322.3552140255845,289.2329973444052,-2.5023395479277816e-8
34,-3.6939259218916384e-8,-0.6275034135256865,294.14981526235374,322.35506750529254,289.2328345428512,-2.4810084873365533e-8
34.1,-1.935722259773963e-7,-0.6275448841709106,294.1490320996414,322.35444370272995,289.2323951403692,-2.353730777744598e-8
34.2,-3.3975103643252775e-7,-0.6276402474057502,294.1483012085618,322.3538575618643,289.23239119029284,-2.175370440317035e-8
34.3,-4.7286036732416345e-7,-0.6277856488243713,294.14763566564056,322.3533197201892,289.2328073767991,-1.9513756288518057e-8
34.4,-5.902412012674325e-7,-0.627975915533384,294.1470487658504,322.3528410807308,289.2336191499403,-1.688602589716561e-8
34.5,-6.898742076261929e-7,-0.6282057617704895,294.146550605734,322.35243001864586,289.23479814603843,-1.3936839865190355e-8
34.6,-7.699535341008789e-7,-0.6284685735260812,294.14615021442074,322.3520941559169,289.2363054844387,-1.0745339776570257e-8
34.7,-8.289774854011968e-7,-0.6287565432697059,294.1458551002371,322.35183999243503,289.23809229942987,-7.401592576640965e-9
34.8,-8.661079541129388e-7,-0.6290620951431086,294.14566945358007,322.35167138150143,289.2401082501847,-3.989705691269083e-9
34.9,-8.819319811337927e-7,-0.6293773530152694,294.1455903391123,322.35158654818275,289.2422941283292,-5.893508779644332e-10
35,-8.765119154663126e-7,-0.6296945066712548,294.1456174449524,322.3515857927957,289.244593670821,2.7176984298850017e-9
35.1,-8.505456996634494e-7,-0.6300062011842156,294.1457472812649,322.35166686437816,289.2469508637514,5.857814102930374e-9
35.2,-8.053869063040024e-7,-0.6303056607795923,294.1459730800801,322.3518248726091,289.24931073147104,8.766916169626101e-9
35.3,-7.414099051171649e-7,-0.6305852447017385,294.146292969419,322.3520588691283,289.25161674765974,1.1366664202131278e-8
35.4,-6.622044003792329e-7,-0.6308402572832427,294.14668900070944,322.3523549540359,289.253818285637,1.3626729811704376e-8
35.5,-5.690865094929022e-7,-0.6310639119705425,294.14715459325714,322.3527083861717,289.255860482362,1.5482739974876887e-8
35.6,-4.647278186921809e-7,-0.6312519538421885,294.1476763890802,322.35310887401135,289.2577002185908,1.6904141741227854e-8
35.7,-3.525853550400261e-7,-0.6314014118086806,294.14823710302153,322.3535429226539,289.259299866384,1.7878052231516815e-8
35.8,-2.3510579379297886e-7,-0.6315086012263809,294.1488245016623,322.35400109203755,289.26062147113106,1.8378742290194483e-8
35.9,-1.1582616457621662e-7,-0.6315734586990543,294.14942089988443,322.3544693661339,289.2616479041979,1.8424381705645297e-8
35.99788756576756,5.873204070615442e-12,-0.6315946923838928,294.150000059415,322.3549270339955,289.2623451943247,1.8029372568161317e-8
35.99788756576756,5.873204070615442e-12,-0.6315946923838928,294.150000059415,322.3549270339955,289.2623451943247,1.8029372568161317e-8
36,2.4729297737783957e-9,-0.6315946829576866,294.1500123946756,322.35493681405626,289.26235673104446,1.8016096819323083e-8
36.1,1.1659709329820493e-7,-0.6315731872165478,294.1505830141007,322.3553907093883,289.262739471964,1.7180552443819952e-8
36.2,2.2385981671307743e-7,-0.6315120123893863,294.1511193256903,322.35582018939294,289.2628052933492,1.596408106405323e-8
36.3,3.2146641086042727e-7,-0.6314152639089261,294.15160735609555,322.35621388805373,289.26257050247824,1.4424816764035394e-8
36.4,4.0815352141772036e-7,-0.631285554441267,294.152040788602,322.3565666141478,289.2620479058281,1.2597012051611386e-8
36.5,4.824767289211951e-7,-0.6311268031479429,294.1524124011939,322.35687236701676,289.2612588360027,1.0529643785735667e-8
36.6,5.428577722022774e-7,-0.6309443937176531,294.15271430267387,322.3571245126879,289.2602345037546,8.287818320636784e-9
36.7,5.885472574644343e-7,-0.630742345619855,294.15294274615025,322.357319798561,289.25900023162376,5.917857974171677e-9
36.8,6.18818278772329e-7,-0.6305274876726952,294.1530940972196,322.35745486395984,289.2576016026904,3.4955307804142264e-9
36.9,6.334757415214838e-7,-0.6303034852900028,294.1531673804749,322.35752867845093,289.2560639899682,1.060447360640397e-9
37,6.326460486089644e-7,-0.6300768568235223,294.1531632280438,322.3575412856798,289.25443476197944,-1.3194505759037265e-9
37.1,6.150021834155846e-7,-0.6298546399520984,294.1530750049785,322.35748693163566,289.2527581524884,-3.563028351117914e-9
37.2,5.815592953910833e-7,-0.6296419615862353,294.15290778710715,322.3573692809827,289.2510756809287,-5.6218044903931404e-9
37.3,5.373542206329399e-7,-0.6294421183004549,294.15268675862313,322.3572080683284,289.24943470058537,-7.487970116584443e-9
37.4,4.832715516905594e-7,-0.6292588129835975,294.15241634254613,322.35700654050146,289.24786590426714,-9.127328471031305e-9
37.5,4.1967869199602496e-7,-0.6290963619891173,294.15209837596575,322.3567658512936,289.2464019582725,-1.049645633352767e-8
37.6,3.481715055170263e-7,-0.6289579339580461,294.15174083824314,322.3564921045934,289.2450730737029,-1.1570570240648463e-8
37.7,2.705981993463191e-7,-0.6288462257797471,294.15135297044463,322.3561924376597,289.243907265748,-1.2331197176745853e-8
37.8,1.891074532141333e-7,-0.6287629363052972,294.15094551597934,322.35587524883204,289.2429268069048,-1.2771966472840393e-8
37.9,1.0580955827108923e-7,-0.6287092690003169,294.15052902630543,322.3555488190152,289.2421502381635,-1.2891511554916172e-8
38,2.2619269507342247e-8,-0.6286851489144891,294.1501130751795,322.35522074364906,289.2415860174672,-1.2700863835693317e-8
38.02755122276471,-7.684625261916499e-12,-0.6286837080953948,294.14999994058496,322.3551311513006,289.2414692595866,-1.2595164502642992e-8
38.02755122276471,-7.684625261916499e-12,-0.6286837080953948,294.14999994058496,322.3551311513006,289.2414692595866,-1.2595164502642992e-8
38.1,-5.8254259000498313e-8,-0.6286913300858422,294.1497087083652,322.3548997270308,289.2412499393495,-1.220389548904581e-8
38.2,-1.3462926021850242e-7,-0.6287258051487178,294.1493268346433,322.3545945585018,289.24113786827695,-1.1433380764919458e-8
38.3,-2.0474490166254127e-7,-0.6287858740637849,294.1489762581131,322.3543124073655,289.24123873125336,-1.0427117952960799e-8
38.4,-2.6757733497499436e-7,-0.6288694897583681,294.14866209797157,322.3540574757057,289.2415426724521,-9.21209821831215e-9
38.5,-3.2218577839676356e-7,-0.6289743168145786,294.1483890580781,322.3538336565343,289.24203737885125,-7.817900605792647e-9
38.6,-3.6736920915403795e-7,-0.6290968049275267,294.1481631434738,322.35364595963114,289.2427030543777,-6.288267275079349e-9
38.7,-4.0244744109949703e-7,-0.6292337788302124,294.14798775502754,322.35349730391596,289.24352014029034,-4.660216310772212e-9
38.8,-4.26947053340087e-7,-0.6293808922835273,294.1478652597634,322.35338987070025,289.2444597138846,-2.9819721618545347e-9
38.9,-4.4063750832144834e-7,-0.6295352830345177,294.147796810317,322.35332477455745,289.2455023384575,-1.2848700286545077e-9
39,-4.4356741021385154e-7,-0.6296928335884446,294.1477821635957,322.3533021115185,289.24661826945817,3.880503947263088e-10
39.1,-4.342517578287669e-7,-0.6298495595267289,294.1478287445225,322.35332804751806,289.2477859251159,1.986950780517694e-9
39.2,-4.1360228030225196e-7,-0.630000064865174,294.1479319943651,322.35339934689193,289.24896232565754,3.4599410242301565e-9
39.3,-3.8485417331927393e-7,-0.6301415090171575,294.1480757371241,322.3535033845138,289.2501118769913,4.7944073692507384e-9
39.4,-3.494958861410806e-7,-0.6302724658551253,294.1482525305415,322.3536343601933,289.25121734692704,5.983290589541117e-9
39.5,-3.07504472695586e-7,-0.630389780981318,294.148462489292,322.3537925861417,289.25225621672934,6.993274982355919e-9
39.6,-2.5975211533606856e-7,-0.630491369267253,294.1487012524351,322.3539747513123,289.2532094228864,7.80707090669901e-9
39.7,-2.0736066758806145e-7,-0.630575289582336,294.14896321067914,322.3541765448872,289.25405775789085,8.41023393836678e-9
39.8,-1.515566301714275e-7,-0.630640195592432,294.1492422315077,322.354393199505,289.25478578912634,8.795138366905314e-9
39.9,-9.403713350409233e-8,-0.6306847697567958,294.14952982926076,322.35461808022217,289.25537607555395,8.956973164343101e-9
40,-3.610013909606103e-8,-0.6307090110872804,294.1498195141422,322.3548460420035,289.25582250069573,8.902654050898573e-9
40.063050202486565,8.963857866384273e-12,-0.6307135344577671,294.150000059415,322.35498886110344,289.2560248172024,8.75743020768495e-9
40.063050202486565,8.963857866384273e-12,-0.6307135344577671,294.150000059415,322.35498886110344,289.2560248172024,8.75743020768495e-9
40.1,2.0829964168150456e-8,-0.6307121464451572,294.15010416420694,322.35507149283086,289.25611281529245,8.631647713935142e-9
40.2,7.521448340899325e-8,-0.6306948725483783,294.1503760860162,322.35528828450424,289.25624477381535,8.159495707822301e-9
40.3,1.2554782881977462e-7,-0.6306593763679953,294.1506277516728,322.3554902954864,289.2562269796204,7.517249322389828e-9
40.4,1.7113967904592558e-7,-0.6306068635862331,294.15085570959735,322.35567470477247,289.2560648338042,6.721282411146072e-9
40.5,2.1114905887743328e-7,-0.6305391482565902,294.15105575495295,322.3558380514894,289.25576739374895,5.79517679214481e-9
40.6,2.4481671818312857e-7,-0.6304586957837631,294.15122409153906,322.35597715302407,289.2553487743128,4.768933116462992e-9
40.7,2.7179348702797016e-7,-0.6303668971775188,294.1513589735335,322.35609052769314,289.2548173112267,3.659054169567066e-9
40.8,2.9151348037316573e-7,-0.6302666578267953,294.15145757156705,322.35617572853147,289.25419118323106,2.499135274525632e-9
40.9,3.0374844656263177e-7,-0.6301614636814454,294.1515187444445,322.3562316061651,289.25349432646397,1.3270845147603667e-9
41,3.085097360034374e-7,-0.6300527237443624,294.1515425489427,322.35625810678397,289.2527368961913,1.5766063426888123e-10
41.1,3.058898851952481e-7,-0.6299432884126921,294.15152944779317,322.35625539727374,289.25193977016187,-9.796416983203505e-10
41.2,2.956264198909395e-7,-0.6298365810796801,294.15147812868713,322.35622219700184,289.25112627366696,-2.0473916082077062e-9
41.3,2.7693857521818664e-7,-0.6297356551825042,294.15138468786046,322.35615519696165,289.2503146160512,-3.0093188160077106e-9
41.4,2.53004337640447e-7,-0.6296425434689938,294.15126501525316,322.3560668520489,289.24953433308133,-3.860997347016421e-9
41.5,2.24991029819123e-7,-0.6295583733666332,294.1511249474877,322.3559617104742,289.2487989945475,-4.596810165210755e-9
41.6,1.9342197544167454e-7,-0.6294840952440582,294.15096710119457,322.35584178004456,289.24811787580336,-5.209556654783342e-9
41.7,1.5838371927464496e-7,-0.6294216146549623,294.1507919091302,322.35570727018495,289.2475050469832,-5.679655613360675e-9
41.8,1.2114963813277758e-7,-0.6293721961640801,294.1506057381896,322.35556313999433,289.2469755488879,-6.000630279955842e-9
41.9,8.231389958343671e-8,-0.6293360975047109,294.1504115592097,322.3554117266666,289.24653402773447,-6.172938046200663e-9
42,4.2667736570785384e-8,-0.6293138545636594,294.15021332835755,322.3552561290805,289.2461880473863,-6.1951685148159746e-9
42.1,3.1963558257071602e-9,-0.629305626934515,294.150015971661,322.35510024143866,289.24594338200416,-6.0709111986530936e-9
42.10818553716049,-9.864903106586421e-12,-0.6293055787873052,294.14999994058496,322.35508753534936,289.24592795480476,-6.05429463199157e-9
42.10818553716049,-9.864903106586421e-12,-0.6293055787873052,294.14999994058496,322.35508753534936,289.24592795480476,-6.05429463199157e-9
42.2,-3.5319594972919246e-8,-0.6293114424176564,294.1498233923517,322.3549471562699,289.24580390588096,-5.804038664224499e-9
42.3,-7.155376840262336e-8,-0.629330577381535,294.14964222214263,322.3548021819557,289.24577066802976,-5.409248144514638e-9
42.4,-1.0479167227371846e-7,-0.6293620728271598,294.14947603347116,322.3546682180255,289.2458401522403,-4.900443998501556e-9
42.5,-1.3407970974457446e-7,-0.629403858263018,294.14932959427705,322.3545491897437,289.2460019995401,-4.304495783771017e-9
42.6,-1.5933086232252237e-7,-0.629455596467633,294.149203339646,322.3544454656985,289.24625420181627,-3.6254145588037556e-9
42.7,-1.7999869181624996e-7,-0.6295153232196086,294.14910000172966,322.35435934970934,289.24658524837133,-2.8867752715781105e-9
42.8,-1.9590266588149044e-7,-0.6295815794717406,294.1490204831625,322.3542916597184,289.24698552785776,-2.1048875438292548e-9
42.9,-2.0674668583736694e-7,-0.6296526364495151,294.148966264405,322.3542436906877,289.24744403906925,-1.2995145343423232e-9
43,-2.1242202180728076e-7,-0.6297264764846057,294.1489378890702,322.35421601512974,289.2479468260195,-4.924603613354021e-10
43.1,-2.1306054934066263e-7,-0.6298017297549398,294.1489346977576,322.3542082063332,289.2484834480941,3.025730247814808e-10
43.2,-2.0825075534392753e-7,-0.6298761197004846,294.14895874798907,322.35422205517705,289.2490395184725,1.0594429502761089e-9
43.3,-1.9741792722823501e-7,-0.6299477555230413,294.1490129132892,322.35425997247575,289.249604176244,1.7551814238691227e-9
43.4,-1.827776056755519e-7,-0.6300146624982002,294.14908611593967,322.3543133142765,289.25015284334563,2.3808536083148518e-9
43.5,-1.644874997158489e-7,-0.6300750168658678,294.1491775673649,322.35438158333614,289.25067169688134,2.918111980659425e-9
43.6,-1.4386694168049573e-7,-0.6301294989963963,294.1492806709269,322.35445950211647,289.2511594071879,3.3811560969051202e-9
43.7,-1.2091303633817445e-7,-0.6301765859172266,294.1493954410749,322.35454718891026,289.25160506551646,3.75394750435676e-9
43.8,-9.586715459471774e-8,-0.6302155498101394,294.1495206709439,322.354643737979,289.2520023154749,4.03011610236335e-9
43.9,-6.926894234332766e-8,-0.6302453307600863,294.1496536622905,322.35474708452557,289.2523410143267,4.201388491594267e-9
44,-4.205752819435755e-8,-0.6302653312504863,294.1497897194698,322.3548535477659,289.25261245868296,4.266493009691711e-9
44.1,-1.4472862075403243e-8,-0.6302756219536672,294.14992764273535,322.35496217158675,289.2528160257433,4.2274532987080755e-9
44.153325808404276,1.0494524689325672e-11,-0.6302770784424102,294.150000059415,322.35501948144434,289.2528946046679,4.165433596149988e-9
44.153325808404276,1.0494524689325672e-11,-0.6302770784424102,294.150000059415,322.35501948144434,289.2528946046679,4.165433596149988e-9
44.2,1.249434380211848e-8,-0.6302760258736423,294.1500624785318,322.3550690412396,289.2529457832227,4.087694300722204e-9
44.3,3.819403198096865e-8,-0.6302669348779698,294.15019097658455,322.35517155239853,289.25300148476543,3.8548120643257335e-9
44.4,6.192533046031148e-8,-0.6302492789325438,294.1503096325561,322.3552668615897,289.25298650206656,3.542332396793812e-9
44.5,8.325886715020133e-8,-0.6302238217299683,294.1504162996033,322.3553532132215,289.2529042923943,3.1605831501521744e-9
44.6,1.0188000811179581e-7,-0.6301915070688049,294.15050940457576,322.35542929388527,289.25276014504857,2.7211751963704126e-9
44.7,1.1757597252387173e-7,-0.6301529258629607,294.15058788358164,322.35549421867063,289.2525572973569,2.23146237320348e-9
44.8,1.300276413786791e-7,-0.6301096724437628,294.1506501410567,322.35554661075986,289.2523056832296,1.7099240489669607e-9
44.9,1.3911768219033672e-7,-0.6300622577795985,294.1506955903485,322.35558596920663,289.2520084155652,1.1625631136685102e-9
45,1.4471470246862343e-7,-0.6300125494206902,294.15072357452857,322.3556116421863,289.2516782695078,6.097289709132262e-10
45.1,1.4681608294116215e-7,-0.6299608363771732,294.15073408050546,322.3556235990437,289.2513173056165,5.447649741261385e-11
45.2,1.455220150500215e-7,-0.629909841371665,294.15072760928336,322.355622045943,289.2509455243803,-4.750803360343116e-10
45.3,1.4004322842932922e-7,-0.6298594970880537,294.15070021451635,322.35560385896144,289.25055872709817,-9.7543932602853e-10
45.4,1.3107288498398894e-7,-0.629811946550448,294.15065536204526,322.355571635503,289.25017554090095,-1.4277599045941198e-9
45.5,1.1958710731455084e-7,-0.6297682946976584,294.15059793249384,322.3555291673957,289.249808484304,-1.8256265453558556e-9
45.6,1.0588857529239613e-7,-0.6297294799461535,294.1505294392751,322.35547758865687,289.24946570835095,-2.160786989615665e-9
45.7,9.076365633584904e-8,-0.6296952534526903,294.15045381421487,322.35542003390725,289.2491491265689,-2.4400602626613708e-9
45.8,7.436294646316593e-8,-0.6296659863045321,294.1503718102984,322.35535707408576,289.2488621080349,-2.660347463854858e-9
45.9,5.675193332552329e-8,-0.629642516214851,294.15028375497803,322.3552889100344,289.2486109676433,-2.8131863897155017e-9
46,3.848708273358353e-8,-0.6296254599282924,294.15019243058856,322.35521770434394,289.24840274366056,-2.895063855092009e-9
46.1,1.9745242890775317e-8,-0.6296148958941531,294.1500987213709,322.3551441525408,289.2482388304542,-2.90609917951409e-9
46.2,1.2402312934091047e-9,-0.6296110837503375,294.15000619641086,322.35507106599584,289.248124447498,-2.8473734590019768e-9
46.20676278107797,-1.0936047576967923e-11,-0.629611066037017,294.14999994058496,322.35506610760825,289.24811843503255,-2.8408778497149465e-9
46.20676278107797,-1.0936047576967923e-11,-0.629611066037017,294.14999994058496,322.35506610760825,289.24811843503255,-2.8408778497149465e-9
46.3,-1.6829871452295187e-8,-0.6296139046459782,294.14991584610743,322.35499923824545,289.24805967358446,-2.721195800845795e-9
46.4,-3.3811382087509005e-8,-0.6296229659284377,294.1498309388642,322.354931288016,289.24804476826375,-2.5351874090142014e-9
46.5,-4.9209654807722245e-8,-0.6296374417283804,294.1497539478914,322.35486923401174,289.24807613635227,-2.3006773855023735e-9
46.6,-6.298460956655644e-8,-0.6296572232235927,294.149685073587,322.3548132427418,289.2481531861189,-2.019024416888602e-9
46.7,-7.470938002975795e-8,-0.6296811268814203,294.1496264502582,322.3547650893066,289.2482694395002,-1.7049570452538142e-9
46.8,-8.446007259222423e-8,-0.6297092559791649,294.1495776973754,322.3547244647772,289.24842527898534,-1.3569825382160706e-9
46.9,-9.184824936124152e-8,-0.6297399232238959,294.149540757095,322.35469302725113,289.248610433651,-9.94923102088955e-10
47,-9.696836493329484e-8,-0.6297732362562577,294.1495151571467,322.3546703947617,289.24882523086893,-6.171422583884349e-10
47.1,-9.966562523918065e-8,-0.6298075010396393,294.14950167147003,322.3546572997157,289.2490582519213,-2.422859526108646e-10
47.2,-1.0000752879271783e-7,-0.6298429488880647,294.1494999625768,322.35465345832847,289.24931083765773,1.3243908071891352e-10
47.3,-9.802014060620261e-8,-0.6298781484771524,294.1495099001172,322.35465886766195,289.2495726015158,4.921149751307103e-10
47.4,-9.378857300353371e-8,-0.6299125623194716,294.14953105852084,322.35467322802367,289.24983928919244,8.315426017827163e-10
47.5,-8.751413912149621e-8,-0.629945156303099,294.1495624312059,322.354695813926,289.2501025390188,1.1409198163298328e-9
47.6,-7.934893700869115e-8,-0.6299752702462389,294.1496032576718,322.35472606875743,289.2503569006559,1.4141129015452944e-9
47.7,-6.95460528600161e-8,-0.6300022714617499,294.1496522724787,322.35476303366414,289.2505966452848,1.6458158214455713e-9
47.8,-5.83689039559757e-8,-0.630025571810699,294.1497081585323,322.3548057057094,289.2508163159685,1.8312478644877287e-9
47.9,-4.613955560500787e-8,-0.630044683513404,294.1497693055003,322.35485284243964,289.25101089917126,1.966996702456004e-9
48,-3.317099758559431e-8,-0.6300593081256067,294.1498341484314,322.35490322409703,289.25117678223916,2.051593993831195e-9
48.1,-1.979658625730125e-8,-0.6300691685276782,294.1499010205419,322.3549555486951,289.25131040957103,2.0839044036379668e-9
48.2,-6.3478576981480776e-9,-0.6300741316741496,294.149968264152,322.35500851135635,289.25140926740016,2.064298673532333e-9
48.247844328268286,1.1203975158314726e-11,-0.6300747676099757,294.150000059415,322.3550336740716,289.2514437424539,2.0370304401857573e-9
48.247844328268286,1.1203975158314726e-11,-0.6300747676099757,294.150000059415,322.3550336740716,289.2514437424539,2.0370304401857573e-9
48.3,6.824927593779982e-9,-0.6300741244513444,294.1500341279611,322.35506072877337,289.251471183848,1.9938782937144353e-9
48.4,1.934672793219005e-8,-0.6300694362017082,294.1500967367691,322.3551106940016,289.25149646785826,1.87768746818789e-9
48.5,3.090307037199465e-8,-0.6300605647412836,294.15015451822296,322.3551571255517,289.25148721102335,1.7226440473942551e-9
48.6,4.121853301744413e-8,-0.6300480528623157,294.15020609522503,322.35519889358005,289.25144601034566,1.5359293253940261e-9
48.7,5.026981403600055e-8,-0.6300320328043265,294.15025135126865,322.35523589644305,289.2513737046211,1.3190590464693724e-9
48.8,5.7777923362079376e-8,-0.6300134091606827,294.15028889142184,322.35526696477746,289.25127546895357,1.0830402135031452e-9
48.9,6.383574794651202e-8,-0.6299919414168881,294.1503191801145,322.3552924836564,289.25115001537716,8.248463427759284e-10
49,6.815418150458548e-8,-0.629969246777963,294.1503407718459,322.35531119363446,289.2510075819558,5.630355674399458e-10
49.1,7.084549076179829e-8,-0.6299446972454111,294.15035422793784,322.35532358378373,289.2508441930099,2.9040133077009944e-10
49.2,7.184084188208633e-8,-0.6299201712355332,294.1503592042545,322.35532924949945,289.25067299570435,2.707296568637008e-11
49.3,7.116269676444437e-8,-0.6298950557823866,294.15035581309456,322.35532832281245,289.2504896998484,-2.3351814389793444e-10
49.4,6.898411396451245e-8,-0.629870346482994,294.1503449197668,322.3553214199004,289.2503022589998,-4.818226945598399e-10
49.5,6.539059859090786e-8,-0.6298465534023725,294.15032695180474,322.35530884393194,289.25011473308933,-7.129315146612731e-10
49.6,6.044536566995697e-8,-0.6298240536381483,294.15030222528964,322.35529081904355,289.24993012367605,-9.23215190482289e-10
49.7,5.422904938369687e-8,-0.6298033281987208,294.1502711434002,322.3552676311335,289.24975225941085,-1.108044208700041e-9
49.8,4.697690659425512e-8,-0.6297847716432201,294.1502348824255,322.3552401850882,289.2495850761772,-1.2645245223478425e-9
49.9,3.889454568100469e-8,-0.6297687951071909,294.1501944704127,322.3552092671051,289.2494324892974,-1.3894293134560649e-9
50,3.003103280784295e-8,-0.629755897248656,294.1501501527011,322.3551750367087,289.2492983055294,-1.4777747530647238e-9
50,3.003103280784295e-8,-0.629755897248656,294.1501501527011,322.3551750367087,289.2492983055294,-1.4777747530647238e-9
